t,"DePM,L=20","DeEPCA,L=20","ADePM_bstar,L=20","ADePM_btune,L=20","DePM,L=40","DeEPCA,L=40","ADePM_bstar,L=40","ADePM_btune,L=40"
0,0.993510722613001,0.993510722613001,0.993510722613001,0.993510722613001,0.993510722613001,0.993510722613001,0.993510722613001,0.993510722613001
1,0.9813984675295525,0.9813984675295525,0.9813984675295525,0.9813984675295525,0.9813984674811074,0.9813984674811074,0.9813984674811074,0.9813984674811074
2,0.9589200392011504,0.9589200411397039,0.9403815037049053,0.9953521035170951,0.9589178564391139,0.9589178564391144,0.9403778731438741,0.9953520669540603
3,0.9255079719325988,0.9254779767737746,0.966822350690075,0.982890733790259,0.925501672764648,0.9255016726501181,0.9668347987476922,0.9828906208987553
4,0.885799235489408,0.8857607436170928,0.9536048000537798,0.9980079887745691,0.8857891405594174,0.885789140360743,0.9536261788566541,0.9980079223283721
5,0.846419773887506,0.8463838099619925,0.9005434187500799,0.9907622405628875,0.8464101214874377,0.8464101211842001,0.9005779673163837,0.9907616776219055
6,0.8115612549587036,0.8115365934130271,0.7987215979123736,0.9925566342181888,0.8115564898103784,0.8115564894057183,0.7988331417033606,0.9925572769966898
7,0.7822545493180758,0.782244008724428,0.8377636391949875,0.9731492064535965,0.7822564987876381,0.7822564983016081,0.8378193280576053,0.9731634270307795
8,0.7577223658653456,0.7577246777993909,0.8144632774247593,0.9055570181168341,0.7577306635316519,0.757730662985299,0.8145149882517088,0.9055950483642746
9,0.7366964437831364,0.7367089749602943,0.5775556834785991,0.8140403114239122,0.736709829376134,0.7367098287838479,0.5776286065280727,0.8140670868705182
10,0.7180759032023645,0.7180960495116421,0.46498730329485327,0.740668997652927,0.7180929803097801,0.7180929796795574,0.4649969052105574,0.7406870564676693
11,0.7010807743606687,0.7011063417932927,0.549163002360567,0.6946066973456437,0.7011002571730068,0.7011002565088481,0.5492155615196325,0.6946233781969836
12,0.6852017138715596,0.6852309135889016,0.44760085897416574,0.6643587594648652,0.6852224621383343,0.68522246144215,0.4476010542784501,0.6643753104552593
13,0.6701144779789128,0.6701458378188692,0.2468645785964082,0.6364148740456785,0.6701354781916814,0.6701354774644075,0.24676592805184622,0.6364306417816465
14,0.6556119853123394,0.6556442693728026,0.21452966450644387,0.6051075018012335,0.6556323289928666,0.6556323282350429,0.21447700277257092,0.6051189411436407
15,0.6415596397703718,0.6415917913374549,0.24899961712550106,0.5700990149974815,0.6415785086455075,0.6415785078575625,0.24893173104224572,0.570100153877015
16,0.6278679091684645,0.6278990126041759,0.1732875010268664,0.5337834138882019,0.6278845659301903,0.6278845651125736,0.1731922737298649,0.5337684086363906
17,0.6144758382813389,0.6145050933296805,0.09173156299665955,0.4982491564636038,0.6144896202814352,0.6144896194346708,0.09162241969910631,0.4982136639024016
18,0.601341093995937,0.6013677977561929,0.09770075819478725,0.46426773666251664,0.601351408157402,0.6013514072821039,0.09761018756975857,0.4642086998900449
19,0.5884338428101019,0.5884573765156916,0.09361073635660036,0.43203004785180055,0.5884401610079474,0.5884401601048154,0.09352814701696081,0.4319455651698594
20,0.5757328846499974,0.5757527036285588,0.06410980880019461,0.4015526174524944,0.5757347393695607,0.5757347384393683,0.06401702379654235,0.4014420595691356
21,0.5632231369652522,0.5632387628347968,0.03279356055987135,0.37276351949302544,0.5632201172619389,0.5632201163055176,0.03266919803668448,0.3726273851469793
22,0.5508939464352419,0.550904960938346,0.03992669564818435,0.3456013003284153,0.550885694254861,0.5508856932730868,0.03983965259548721,0.3454409256657551
23,0.5387379221789332,0.5387439622388911,0.03712052220419147,0.3200527755062045,0.538724129066797,0.538724128060577,0.03703415006745339,0.3198700956999933
24,0.5267501071237747,0.526750860813935,0.01938768760637253,0.29611739235397794,0.5267305113108643,0.5267305102811232,0.019266007083603744,0.29591473896918014
25,0.5149273747952284,0.5149225779857887,0.015219573360475035,0.2737698643498131,0.5149017586211749,0.5149017575688457,0.015104756838399935,0.27354977888908444
26,0.503267980293637,0.5032574137946519,0.016320779529546522,0.252956951744351,0.5032361679114853,0.5032361668375012,0.016234370138503578,0.2527220362026112
27,0.49177121926995987,0.4917547063311109,0.012649156763356586,0.23360853330211254,0.49173307457311494,0.4917330734784008,0.01255906443687384,0.23336133721762092
28,0.4804371642467736,0.4804145683061749,0.008126314573033092,0.21564641468498116,0.48039258895986925,0.48039258784533545,0.008018605782411963,0.2153893477456559
29,0.4692664575248061,0.4692376805868386,0.005720192269849924,0.1989899575498259,0.46921538940442736,0.46921538827095516,0.005606136723603522,0.19872522672670775
30,0.45826014636590723,0.4582339446185821,0.006362110998997222,0.18355932565688796,0.45820255746223615,0.4582025563271273,0.006281259291271015,0.18328889873819187
31,0.4474195504315077,0.4473870715445748,0.004978254269508007,0.16927686201863168,0.44735544536729777,0.44735544421507956,0.004898591865470347,0.16900245424316457
32,0.43674615435021663,0.43670738088771527,0.00239628718953125,0.1560675121962171,0.43667556857888423,0.43667556741030344,0.0022697088019410813,0.1557905894603288
33,0.42624152026500417,0.4261964681366272,0.0025989772329028872,0.14385903069538075,0.42616451827525703,0.4261645170910339,0.0025118274274048284,0.14358082355731702
34,0.41590721657245816,0.4158559319346824,0.0025814496720491446,0.13258223937994687,0.4158238900131069,0.4158238888139321,0.002515892149136921,0.13230376386197396
35,0.4057447600118671,0.40568731705718264,0.0016987987642484667,0.12217128560214845,0.4056552257175895,0.4056552245041239,0.0016183474663565268,0.1218933677103537
36,0.39575556892250846,0.3956920675376206,0.0010666875440112536,0.1125638221487393,0.39565996682950444,0.39565996560237726,0.0009437356855332096,0.11228712336777315
37,0.38594092595295815,0.3858714892823892,0.00109845864344107,0.10370109413408425,0.3858394169025531,0.3858394156623626,0.0009853262567084487,0.10342613577706483
38,0.3763019488378421,0.37622672077030844,0.0010750600646352115,0.09552794266467135,0.3761947122758687,0.3761947110231813,0.000966811185366532,0.0952551279419951
39,0.36683956809747065,0.36675871069617466,0.0007316556140424729,0.08799274356703152,0.3667267996870567,0.36672679842240874,0.000566433659766969,0.08772237707431697
40,0.35755451069332594,0.3574682015972565,0.0005749829622491457,0.08104730166916528,0.35743641986785357,0.3574364185917531,0.00034286236969076534,0.08077960636187687
41,0.34844728880747916,0.3483557186366474,0.000604137321078054,0.07464671728336626,0.3483240962981117,0.34832409501103906,0.00042226582861130924,0.07438184905077691
42,0.3395181930202623,0.33942156282213654,0.0005513184147239865,0.06874923580687986,0.3393901283978311,0.33939012710024136,0.00034173169371438835,0.06848729577681618
43,0.3307672892470591,0.33066580802346524,0.0004911940063485766,0.06331608716921061,0.33063458852075783,0.3306345872130823,0.00020197220383544025,0.06305713196258358
44,0.32219441886789624,0.3220883012209372,0.00047353126373305353,0.05831131987203613,0.32205732218287353,0.3220573208655221,0.00014676133679046197,0.058055370098833735
45,0.3137992015464715,0.3136886654786332,0.0004720332126636196,0.053701633394354006,0.31365795101916855,0.3136579496925318,0.0001596602725704475,0.05344868067924444
46,0.30558104029076555,0.3054663051887041,0.00046337348080389897,0.04945621198427277,0.30543587801513644,0.30543587667958705,0.00013299221638101566,0.049206224761675924
47,0.297539128357014,0.29742041318115203,0.0004510120922487205,0.04554656216389724,0.29739029460724054,0.29739029326313554,6.56079902176792e-05,0.045299490440587745
48,0.28967245764350263,0.28954997933732135,0.00044588730257753313,0.0419463556446992,0.2895201892903048,0.2895201879379868,5.662931898555998e-05,0.041702134903753976
49,0.2819798282611209,0.281853800385638,0.0004433457665189991,0.03863127881980924,0.28182435741003437,0.28182435604983236,6.668478586015042e-05,0.03838983321820484
50,0.2744598590043323,0.274330490595442,0.00044030291323024625,0.03557888957460907,0.27430141185613166,0.27430141048836315,4.463136910974325e-05,0.03534013456093671
51,0.2671109984796378,0.26697849311925503,0.00043871375990416436,0.0327684818274778,0.2669497944059442,0.26694979303091576,2.4749419072450166e-05,0.03253232628155636
52,0.2599315366790468,0.2597960917656873,0.0004380057623069988,0.030180957965546283,0.25976778750042895,0.25976778611843704,2.462364178226399e-05,0.029947305943056772
53,0.25291961681384934,0.25278142301450796,0.0004372688490028833,0.027798709161068035,0.2527535262635525,0.25275352487488356,2.445255815201304e-05,0.027567461312446216
54,0.2460732472493278,0.24593248811226454,0.00043646660185745747,0.025605503426574448,0.24590501060310704,0.24590500920803854,1.653328258049931e-05,0.0253765581474216
55,0.2393903134041722,0.2392471651112991,0.0004358989684760182,0.023586381176881582,0.2392201172554284,0.239220115854229,8.703928655656261e-06,0.023359635536403696
56,0.2328685894994088,0.23272322073717214,0.0004355857373240112,0.021727558003184447,0.2326966116586962,0.23269661025162625,1.0229277711463013e-05,0.02150290848824975
57,0.2265057500607618,0.22635832198944564,0.0004353632540083216,0.02001633432301851,0.2263321595594801,0.22633215814679214,9.360189748011888e-06,0.019793677428393126
58,0.22029938109562072,0.2201500473986091,0.0004352293141358617,0.01844101154539266,0.2201243382750862,0.22012433685702393,5.5075655655175066e-06,0.018220244235078356
59,0.21424699088127788,0.2140958978777687,0.0004351784788233089,0.016990814378851724,0.21407064755013785,0.21407064612693724,3.5571787846705025e-06,0.01677183443884548
60,0.2083460203149281,0.2081933071216873,0.0004351288831313215,0.015655818908193897,0.20816851995985416,0.20816851853174306,4.082229642093506e-06,0.015438525207269117
61,0.20259385278814407,0.2024396515179891,0.00043503190307822624,0.014426886070522654,0.2024153308247563,0.2024153293919552,3.4971493512673608e-06,0.014211178742629704
62,0.19698782355927275,0.1968322595459698,0.00043491104045544814,0.013295600171295427,0.19680840761220764,0.19680840617492937,1.8939997895843157e-06,0.013081380730705116
63,0.19152522860652132,0.19136842064760637,0.0004348057128295446,0.012254212094420004,0.19134503880937753,0.1913450373678275,1.4247680271459381e-06,0.012041383492676186
64,0.18620333295252622,0.186045393563178,0.0004347259325999392,0.01129558687602092,0.18602248226006884,0.18602248081444522,1.6785438044728142e-06,0.011084053508097231
65,0.1810193784580227,0.18086041413052048,0.0004346654537940297,0.01041315532840359,0.18083797296448356,0.180837971514977,1.2162593586503539e-06,0.010202822994116336
66,0.1759705910879725,0.175810702552461,0.00043462103162496594,0.009600869418371428,0.1757887303465348,0.17578872889332886,6.735477376405038e-07,0.009391645243991477
67,0.17105418765826358,0.17089347014153644,0.0004345906850359154,0.008853161121896252,0.170871964997887,0.17087196354115838,6.122641408389731e-07,0.008644953445950917
68,0.16626738207497332,0.16610592555480772,0.00043456972040309747,0.008164904494807296,0.16608488491160994,0.16608488345152883,6.358033825482975e-07,0.007957622721242964
69,0.16160739108129185,0.16144528053451374,0.0004345525742615098,0.007531380716371937,0.16142470122127642,0.16142469975800605,4.5903063119599004e-07,0.007324935137569036
70,0.15707143952961716,0.15690875517261538,0.000434536843100483,0.006948245879249696,0.15688863346362222,0.15688863199731934,2.0109130730351735e-07,0.006742547470802035
71,0.152656765198163,0.15249358271897623,0.00043452331629830246,0.006411501315199416,0.1524739143845948,0.1524739129154099,2.5984254688048715e-07,0.006206461503865479
72,0.14836062317272933,0.14819701395415866,0.0004345129548297389,0.0059174662610145656,0.14817779430982778,0.14817779283790541,2.556426004719865e-07,0.0057129966668050145
73,0.14418028981515638,0.1440163211486088,0.0004345056329177066,0.005462752683427131,0.1439975451013778,0.1439975436268561,1.4243700648459564e-07,0.005258764836400325
74,0.14011306634048679,0.1399488016304404,0.0004345006412774135,0.005044242095119812,0.13993046372298085,0.13993046224599223,9.680602502058102e-08,0.004840647127113886
75,0.136156282025043,0.13599178098417428,0.0004344971646265986,0.00465906420654567,0.13597387543623038,0.1359738739569023,1.0226361057499631e-07,0.004455772517774906
76,0.13230729706755565,0.13214261590267287,0.00043449425407432755,0.004304577269981899,0.13212513664995384,0.1321251351684076,9.213716660318584e-08,0.004101498170165596
77,0.12856350512519488,0.1283986967141978,0.00043449108451297486,0.003978349983166294,0.12838163744474113,0.12838163596109317,5.830867473886501e-08,0.0037753913066464646
78,0.12492233554589195,0.12475744960603695,0.0004344875892435989,0.0036781448300130743,0.12474080379409928,0.12474080230846106,2.9742466122985044e-08,0.0034752125241523484
79,0.12138125531775196,0.12121633856553311,0.0004344844332273715,0.003401902745313446,0.12120009950308319,0.1212000980155609,4.327592339832169e-08,0.0031989004313562304
80,0.11793777075565105,0.1177728670586349,0.00043448216558637163,0.003147728999023244,0.11775702788453607,0.11775702639523176,3.684574159993611e-08,0.0029445575045835815
81,0.11458942894433562,0.11442457946529976,0.00043448062335166445,0.002913880203776329,0.11440913319228006,0.1144091317012907,1.613099150717606e-08,0.002710437066180543
82,0.11133381895650452,0.11116906229023266,0.0004344792433702359,0.0026987523566462013,0.1111540018297471,0.11115400033716578,1.570566903989221e-08,0.0024949312965669075
83,0.1081685728634772,0.1080039451665665,0.00043447772192247873,0.0025008698329583843,0.10798926335166215,0.10798926185757729,1.7852207339896524e-08,0.002296560198155827
84,0.10509136655516021,0.10492690166918829,0.0004344761941491769,0.002318875256144866,0.10491259127547868,0.10491258977997493,1.320008696319895e-08,0.002113961435743212
85,0.10209992038511352,0.10193564995350567,0.0004344749036566006,0.002151520173248601,0.10192170371837042,0.10192170222152847,7.744044980575785e-09,0.001945880983904487
86,0.09919199965562148,0.09902795323454872,0.00043447390942162205,0.001997656470752225,0.09901436387466253,0.09901436237655924,6.939952291075226e-09,0.001791164517406187
87,0.09636541495677822,0.09620162012040144,0.0004344731148785793,0.0018562284699070453,0.09618838034770158,0.09618837884841039,7.535138985235687e-09,0.0016487494856941278
88,0.09361802237272636,0.09345450481309259,0.00043447243129890684,0.0017262656446931975,0.09344160734928808,0.09344160584887864,5.7594449714583e-09,0.0015176578171680936
89,0.09094772356733938,0.09078450718921827,0.00043447183595633835,0.001606875908939041,0.09077194477893867,0.0907719432774776,4.10558303862708e-09,0.001396989203254938
90,0.08835246576081697,0.0881895727717554,0.0004344713257339736,0.001497239421945509,0.08817733819443432,0.08817733669198499,4.0853871227492105e-09,0.001285914916242427
91,0.08583024160787428,0.08566769260372978,0.0004344708832358531,0.0013966028642217621,0.08565577868431441,0.08565577718093717,4.0512218303610545e-09,0.0011836721184834496
92,0.08337908898745297,0.08321690303365373,0.000434470489634885,0.0013042741366529988,0.08320530265222421,0.08320530114797652,3.4922657458404167e-09,0.001089558623943016
93,0.08099709071315879,0.08083528542192447,0.0004344701387199731,0.0012196174376516422,0.08082399152230467,0.08082399001724115,3.158300569132892e-09,0.0010029280761481504
94,0.07868237417295024,0.07852096577669525,0.0004344698288246448,0.001142048673759421,0.07850997137413018,0.0785099698683029,3.1930910760582966e-09,0.0009231855094592436
95,0.07643311090595574,0.0762721143270808,0.00043446955310550496,0.0010710311600460893,0.07626141251505346,0.07626141100851176,3.1372585679535155e-09,0.0008497832632023168
96,0.07424751612368437,0.07408694504095434,0.0004344693031976639,0.0010060715680083663,0.07407652899720638,0.07407652748999694,3.012028553441493e-09,0.0007822172206193741
97,0.07212384818232154,0.07196371509401199,0.00043446907580752106,0.0009467160812638685,0.07195357808583301,0.07195357657800089,2.9572866566616817e-09,0.0007200233468213715
98,0.07006040801226261,0.06990072429624954,0.0004344688712428345,0.0008925467242835078,0.06989085968509162,0.0698908581766787,2.9457022414655803e-09,0.0006627745019810882
99,0.06805553851052915,0.06789631448148405,0.00043446868846888057,0.0008431778380043451,0.0678867157269562,0.06788671421800274,2.9336336436552934e-09,0.0006100775078839582
100,0.06610762390124442,0.0659488688650863,0.000434468524604109,0.0007982526897027248,0.0659395295283796,0.06593952801892383,2.911418638488158e-09,0.0005615704477019422
101,0.06421508906889675,0.0640568113746458,0.0004344683776180387,0.0007574402235728571,0.06404772512143678,0.06404772361151446,2.893143326375376e-09,0.0005169201804474325
102,0.06237639886871605,0.06221860595788262,0.00043446824692665537,0.0007204319821003857,0.06220976656075747,0.062209765050402904,2.883250475702905e-09,0.00047582005304193235
103,0.06059005741810078,0.06043275587173768,0.00043446813151938254,0.00068693925320246,0.06042415721217861,0.0604241557014242,2.8764966525748734e-09,0.00043798779429190843
104,0.058854607372682166,0.058697802956217744,0.0004344680290399073,0.0006566905183779467,0.05868943902618904,0.058689437515065446,2.8731979908849674e-09,0.0004031635763062661
105,0.05716862919028196,0.057012326896245635,0.0004344679369484332,0.0006294292856554243,0.05700419179941419,0.05700419028795062,2.8706475698145063e-09,0.00037110823004679887
106,0.055530740385713935,0.05537494447446063,0.0004344678537605215,0.0006049123821883961,0.05536703242708265,0.05536703091530679,2.8667456163820954e-09,0.000341601602755918
107,0.05393959477910218,0.05378430881763249,0.0004344677789109071,0.0005829087532295575,0.05377661414913806,0.053776612637076046,2.863349847104074e-09,0.0003144410459823886
108,0.05239388174012466,0.05223910863909637,0.0004344677119486874,0.0005631987706208027,0.05223162579239692,0.052231624280073614,2.8616083825864542e-09,0.0002894400238220372
109,0.05089232543035647,0.05073806747937159,0.0004344676521851672,0.0005455740030630914,0.0507307910109188,0.05073078949835752,2.860891513571812e-09,0.00026642683181527524
110,0.04943368404566009,0.04927994294691314,0.00043446759883188004,0.0005298373526999895,0.04927286752652997,0.04927286601375279,2.8601116352351405e-09,0.0002452434177040748
111,0.04801674906037274,0.04786352596073547,0.0004344675511239991,0.0005158034279398936,0.04785664637124418,0.047856644858271985,2.859047862598104e-09,0.00022574429594889253
112,0.04664034447485213,0.046487639996469966,0.000434467508318068,0.0005032990081310631,0.046480951133134045,0.04648094961998663,2.85818379535522e-09,0.00020779554855215388
113,0.04530332606776859,0.04515114033723774,0.0004344674697482892,0.0004921634640810209,0.04514463720703917,0.04514463569373534,2.8577471497120802e-09,0.00019127390532499598
114,0.04400458065438091,0.043852913330570426,0.0004344674349340074,0.0004822490263502445,0.043846591051338674,0.04384658953789579,2.8575455795745464e-09,0.0001760658972824943
115,0.042743025351883276,0.04259187565246465,0.0004344674035709551,0.00047342083314423953,0.0425857294518718,0.04258572793830624,2.857346789917561e-09,0.00016206707735103417
116,0.041517606852779776,0.04136697357952432,0.00043446737540137856,0.0004655567320398443,0.041360998793962184,0.04136099728028971,2.857091460605315e-09,0.00014918130303707766
117,0.040327300707130725,0.040177182270026764,0.00043446735012359414,0.0004585468465024142,0.040171374343380355,0.0401713728296155,2.8568400854964967e-09,0.00013732007613131755
118,0.03917111061439416,0.03902150505463955,0.000434467327416116,0.000452292944149989,0.03901585953696644,0.039015858023123295,2.8566492377965236e-09,0.00012640193491207343
119,0.03804806772549424,0.03789897273741313,0.0004344673069981388,0.0004467076576748844,0.03789348528354298,0.037893483769634445,2.8565221488590514e-09,0.00011635189467508545
120,0.03695722995565495,0.03680864290758588,0.00043446728863847755,0.0004417136127448839,0.036803309275648434,0.036803307761686825,2.8564311758697984e-09,0.00010710093274636994
121,0.03589768130845446,0.03574959926265439,0.00043446727212982097,0.0004372425130345616,0.035744415312547295,0.0357444137985442,2.8563540927348855e-09,9.858551444215189e-05
122,0.03486853121148187,0.034720950943089295,0.00043446725727845084,0.00043323422405029574,0.034715912634892696,0.03471591112085893,2.856287402180461e-09,9.074715671752893e-05
123,0.03386891386390696,0.033721831879004883,0.0004344672439168695,0.00042963588728827626,0.033716935271352305,0.033716933757298034,2.8562375634102518e-09,8.353202651254082e-05
124,0.032897987596217676,0.0327514001490348,0.0004344672319047314,0.0004264010864072044,0.0327466413974464,0.032746639883381466,2.8562059377526116e-09,7.689057103148912e-05
125,0.03195493424231865,0.03180883735160495,0.00043446722111346723,0.0004234890785542064,0.031804212706792116,0.03180421119272528,2.856185144310521e-09,7.077717741923435e-05
126,0.03103895852413775,0.030893347988750822,0.00043446721141575384,0.00042086409719050615,0.030888853794894654,0.03088885228083435,2.8561666768941835e-09,6.514985949725574e-05
127,0.03014928744884087,0.030004158862575108,0.00043446720269020724,0.00041849472775672884,0.02999979155558752,0.029999790041542084,2.856148568913313e-09,5.996996940622156e-05
128,0.02928516971871558,0.02914051848440558,0.000434467194832022,0.00041635335406077945,0.02913627459017831,0.029136273076154743,2.8561337852178917e-09,5.520193217637342e-05
129,0.028445875153745463,0.02830169649667696,0.0004344671877547162,0.0004144156711017171,0.028297572629319458,0.028297571115324736,2.8561243327761603e-09,5.081300140268975e-05
130,0.027630694126869942,0.027486983107522452,0.00043446718138332986,0.0004126602588266319,0.02748297596759719,0.027482974453637943,2.85611875955988e-09,4.67730343452753e-05
131,0.02683893701188714,0.026695688538040177,0.00043446717564887957,0.0004110682107922324,0.026691794910796863,0.026691793396878945,2.8561137889642335e-09,4.30542849128048e-05
132,0.02606993364393923,0.025927142482166897,0.00043446717048710773,0.0004096228116501592,0.02592335923577957,0.02592335772190819,2.8561082723540703e-09,3.963121310425043e-05
133,0.02532303279249324,0.025180693579071146,0.000434467165839908,0.000408309257617925,0.025177017662881145,0.025177016149061583,2.8561038662177003e-09,3.6480309602833736e-05
134,0.02459760164670917,0.02445570889795947,0.0004344671616549649,0.00040711441450663055,0.02445213734072761,0.024452135826964767,2.856101125503722e-09,3.357993431720001e-05
135,0.02389302531307112,0.023751573435169263,0.00043446715788564473,0.0004060266083849139,0.023748103343339225,0.023748101829637634,2.8560990367454926e-09,3.0910167758461345e-05
136,0.023208706325143078,0.0230676896234054,0.000434467154490014,0.0004050354444818018,0.02306431817938066,0.023064316665744558,2.856096899519593e-09,2.8452674235725785e-05
137,0.022544064165291797,0.022403476852968302,0.0004344671514305967,0.00040413165045541057,0.022400201313405477,0.02240019979983852,2.8560950393105407e-09,2.619057592799569e-05
138,0.021898534798215824,0.021758371004805387,0.00043446714867380364,0.00040330694064175695,0.02175518869892442,0.021755187185429795,2.856093681515347e-09,2.4108336969358026e-05
139,0.02127157021610064,0.02113182399521101,0.00043446714618975877,0.0004025538983497009,0.021128732323123938,0.02112873080970496,2.8560928177035075e-09,2.2191656749897553e-05
140,0.020662637995218912,0.020523303331986334,0.000434467143951189,0.00040186587366702436,0.020520299763048304,0.02052029824970791,2.856092218182249e-09,2.0427371700631638e-05
141,0.02007122086378252,0.0199322916818717,0.0004344671419333782,0.0004012368945982761,0.019929373753052176,0.019929372239793318,2.8560914754812713e-09,1.8803364887377017e-05
142,0.0194968162808501,0.019358286449049845,0.00043446714011459014,0.00040066158966908626,0.0193554517633284,0.01935545025015352,2.85609091168792e-09,1.7308482793023148e-05
143,0.01893893602608774,0.01880079936451904,0.00043446713847499597,0.00040013512039204635,0.018798045589302755,0.018798044076214025,2.8560906050861967e-09,1.593245871650673e-05
144,0.01839710580017584,0.01825935608612687,0.00043446713699641976,0.00039965312223209584,0.01825668095169475,0.01825667943869377,2.8560903384687477e-09,1.4665842261090655e-05
145,0.017870864835654796,0.017733495809058756,0.0004344671356629876,0.000399211652897206,0.017730897107029398,0.017730895594118157,2.8560902210340386e-09,1.349993443130193e-05
146,0.017359765517996513,0.017222770886566548,0.00043446713446029827,0.00039880714695709416,0.01722024646839292,0.017220244955573196,2.8560900754604813e-09,1.2426727888272501e-05
147,0.016863373016691954,0.016726746460724997,0.00043446713337540513,0.0003984363759350202,0.016724294236215596,0.016724292723488667,2.856089964877287e-09,1.143885195598108e-05
148,0.016381264926137427,0.016245000103002612,0.0004344671323966099,0.0003980964131424781,0.01624261803886824,0.01624261652623521,2.856090082509562e-09,1.0529522001297277e-05
149,0.01591303091611182,0.01577712146443289,0.00043446713151332986,0.00039778460262894776,0.015774807582861528,0.015774806070323444,2.856090110582951e-09,9.692492836508253e-06
150,0.015458272391625899,0.015322711935171908,0.000434467130716247,0.00039749853171171733,0.015320464312430379,0.01532046279998819,2.8560900492837615e-09,8.922015828318347e-06
151,0.015016602161937261,0.014881384313231676,0.00043446712999679107,0.0003972360066243003,0.014879201078294633,0.014879199565949049,2.8560901090317794e-09,8.21279941775788e-06
152,0.014587644118515281,0.014452762482174359,0.0004344671293473243,0.00039699503088701433,0.014450641815380449,0.014450640303132319,2.8560898895225947e-09,7.559972776886024e-06
153,0.014171032921750324,0.01403648109756268,0.00043446712876097444,0.00039677378606054516,0.014034421229298552,0.014034419717148118,2.856089712809405e-09,6.959052357361209e-06
154,0.01376641369619932,0.01363218528195289,0.00043446712823125603,0.0003965706145864201,0.013630184491364248,0.013630182979311798,2.8560896825839402e-09,6.405911097595791e-06
155,0.013373441734160638,0.013239530328230721,0.00043446712775275343,0.0003963840044625358,0.013237586941960817,0.013237585430006851,2.8560896941355013e-09,5.896750078917294e-06
156,0.012991782207378587,0.012858181411084168,0.00043446712732056014,0.0003962125755312253,0.012856293802038883,0.012856292290183535,2.8560895952972715e-09,5.428072433499466e-06
157,0.012621109886677686,0.01248781330641322,0.00043446712693022443,0.0003960550671928797,0.01248597989255382,0.012485978380797385,2.856089531420885e-09,4.996659330465341e-06
158,0.012261108869325325,0.012128110118479935,0.0004344671265774867,0.000395910327376082,0.012126329361642207,0.012126327849984608,2.8560894057669705e-09,4.5995478675325845e-06
159,0.01191147231393741,0.01177876501460476,0.0004344671262589035,0.00039577730262275036,0.011777035419344748,0.011777033907785625,2.8560893908131845e-09,4.2340107224149125e-06
160,0.011571902182727157,0.011439479967217185,0.0004344671259708529,0.00039565502916101504,0.011437800079682574,0.011437798568221812,2.8560895741703483e-09,3.897537422632536e-06
161,0.011242108990916967,0.011109965503073846,0.0004344671257104659,0.00039554262485704623,0.011108333909902412,0.011108332398539762,2.8560896217533265e-09,3.587817102989694e-06
162,0.01092181156312387,0.01078994045946003,0.0004344671254749852,0.00039543928194872026,0.010788355786702359,0.010788354275437421,2.8560896404259817e-09,3.302722635220178e-06
163,0.010610736796542522,0.01047913174719191,0.000434467125262037,0.0003953442604769785,0.0104775926592606,0.010477591148093173,2.8560896849930467e-09,3.040296018684209e-06
164,0.01030861943074545,0.01017727412024494,0.00043446712506955005,0.00039525688234221955,0.010175779318887676,0.010175777807817301,2.856089750977786e-09,2.7987349337563064e-06
165,0.010015201823929747,0.009884109951831498,0.0004344671248953558,0.00039517652591716633,0.009882658175129207,0.009882656664155508,2.856089911742689e-09,2.5763803629217837e-06
166,0.00973023373543661,0.009599389016759908,0.0004344671247377576,0.00039510262116178936,0.009597979038149069,0.009597977527271304,2.8560900403978755e-09,2.3717051972117686e-06
167,0.009453472114381611,0.009322868279906981,0.0004344671245951081,0.00039503464518726467,0.009321498907225882,0.009321497396443348,2.856090005001287e-09,2.1833037477073763e-06
168,0.009184680894229733,0.009054311690642554,0.00043446712446592727,0.00039497211822416673,0.009052981765200162,0.009052980254512004,2.856090082460663e-09,2.0098820924605727e-06
169,0.008923630793157554,0.00879348998304325,0.0004344671243489068,0.0003949145999555723,0.008792198378711409,0.008792196868117207,2.8560900559003267e-09,1.8502491884385915e-06
170,0.008670099120046949,0.00854018048174397,0.00043446712424296754,0.0003948616861776083,0.00853892610407293,0.008538924593571648,2.8560899679935794e-09,1.7033086927436988e-06
171,0.008423869585957864,0.008294166913271334,0.0004344671241471699,0.00039481300575714697,0.008292948698626398,0.00829294718821702,2.8560899328333923e-09,1.568051432693307e-06
172,0.008184732120930915,0.008055239222712333,0.00043446712406038703,0.0003947682178589484,0.00805405613743215,0.008054054627114055,2.8560898471775164e-09,1.4435484750768492e-06
173,0.007952482695976964,0.007823193395571953,0.00043446712398159735,0.00039472700941310516,0.007822044435148837,0.007822042924921446,2.8560899566983487e-09,1.3289447459570518e-06
174,0.00772692315011054,0.007597831284678764,0.00043446712391020036,0.00039468909280507107,0.00759671547295966,0.007596713962821945,2.8560899554540036e-09,1.2234531582326676e-06
175,0.007507861022288781,0.007378960441998824,0.0004344671238454892,0.00039465420376381364,0.0073778768304065415,0.007377875320357208,2.8560899001715616e-09,1.1263492062914197e-06
176,0.007295109388122397,0.007166393955225079,0.00043446712378693265,0.0003946220994320613,0.007165341621999417,0.007165340112037519,2.8560899845912128e-09,1.0369659896380057e-06
177,0.007088486701226737,0.0069599502890087435,0.00043446712373383585,0.00039459255660147333,0.006958928338467459,0.006958926828591873,2.8560897328792917e-09,9.546896333759521e-07
178,0.006887816639084438,0.00675945313070541,0.0004344671236855694,0.00039456537009702934,0.006758460692523973,0.006758459182733529,2.8560895241257392e-09,8.78955071751547e-07
179,0.006692927953295544,0.006564731240510271,0.0004344671236418566,0.0003945403512991203,0.006563767469020839,0.006563765959314473,2.8560894550631407e-09,8.09242167226411e-07
180,0.006503654324093071,0.006375618305860672,0.00043446712360234446,0.0003945173267888466,0.00637468237936952,0.0063746808697465315,2.8560894175432592e-09,7.450721385989587e-07
181,0.0063198342190054005,0.0061919527999882325,0.000434467123566598,0.00039449613710805916,0.0061910439201104586,0.006191042410570109,2.856089229413018e-09,6.860042724697516e-07
182,0.006141310755550117,0.006013577844503129,0.00043446712353409356,0.00039447663562199774,0.006012695235515491,0.0060126937260566605,2.8560892203466793e-09,6.316328964679247e-07
183,0.005967931567846929,0.0058403410758990386,0.0004344671235044929,0.00039445868747718367,0.005839483984109819,0.005839482474731286,2.856089290538882e-09,5.815845936128131e-07
184,0.0057995486770398485,0.005672094515869369,0.00043446712347771,0.0003944421686451165,0.005671262209004256,0.005671260699705051,2.8560894141635055e-09,5.355156371471431e-07
185,0.005636018365423228,0.005508694445325732,0.00043446712345343515,0.0003944269650457497,0.005507886211931462,0.005507884702710056,2.856089414584065e-09,4.93109629910081e-07
186,0.005477201054164544,0.005350001282018266,0.0004344671234313379,0.0003944129717420822,0.0053492164308801635,0.005349214921735909,2.8560894159087805e-09,4.540753318827353e-07
187,0.0053229611845282375,0.005195879461653449,0.0004344671234112322,0.0003944000922019631,0.005195117321230561,0.005195115812162333,2.8560895302832308e-09,4.1814465873054974e-07
188,0.005173167102496784,0.005046197322411612,0.00043446712339287693,0.00039438823762045756,0.0050454572402864,0.005045455731292793,2.856089724908484e-09,3.85070842855776e-07
189,0.0050276909466967475,0.004900826992769448,0.00043446712337626397,0.00039437732629656925,0.004900108335111642,0.004900106826191769,2.8560898040167636e-09,3.5462673634673067e-07
190,0.004886408539535339,0.004759644282533694,0.000434467123361133,0.0003943672830616238,0.004758946433579128,0.004758944924731872,2.8560899496236434e-09,3.266032516303672e-07
191,0.0047491992814579585,0.004622528576993662,0.00043446712334730986,0.0003943580387538798,0.004621850938537564,0.0046218494297617495,2.856090154968557e-09,3.008079268246123e-07
192,0.004615946048237032,0.004489362734107389,0.0004344671233347508,0.0003943495297360052,0.004488704725010536,0.0044887032163050365,2.8560901762682497e-09,2.770636022441406e-07
193,0.004486535091208147,0.004360032984632065,0.0004344671233234139,0.0003943416974522375,0.004359394040341212,0.004359392531705024,2.856089999581862e-09,2.5520720394322067e-07
194,0.004360855940369018,0.004234428835118211,0.0004344671233132776,0.00039433448802011904,0.004233808407199209,0.004233806898631396,2.856090022509141e-09,2.350886244676042e-07
195,0.004238801310259984,0.0041124429736845575,0.00043446712330414,0.0003943278518560481,0.004111840529368072,0.004111839020867575,2.856090059871429e-09,2.1656969130546563e-07
196,0.004120267008548918,0.003993971178495244,0.00043446712329572363,0.0003943217433308937,0.003993386200235533,0.0039933846918009195,2.8560899910387626e-09,1.9952321834941602e-07
197,0.004005151847241684,0.0038789122288622503,0.00043446712328804005,0.00039431612045419206,0.003878344213907096,0.0038783427055373394,2.8560897893634683e-09,1.8383213191147045e-07
198,0.0038933575564455993,0.0037671678188985745,0.0004344671232811005,0.0003943109445823539,0.003766616278871947,0.0037666147705660174,2.8560896384375463e-09,1.6938866735524325e-07
199,0.0037847887006114823,0.0036586424736504393,0.0004344671232747259,0.0003943061801513049,0.0036581069341457316,0.00365810542590265,2.856089609863978e-09,1.5609362799322924e-07
200,0.0036793525971866576,0.003553243467635026,0.00043446712326879015,0.00039430179443039994,0.0035527234678207962,0.003552721959639524,2.856089623717561e-09,1.4385570510003393e-07
